timestamp,vbl_feature_00,vbl_feature_01,vbl_feature_02,vbl_feature_03,vbl_feature_04,vbl_feature_05,vbl_feature_06,vbl_feature_07,vbl_feature_08,vbl_feature_09,vbl_feature_10,vbl_feature_11,vbl_feature_12,vbl_feature_13,vbl_feature_14,vbl_feature_15,vbl_feature_16,vbl_feature_17,vbl_feature_18,vbl_feature_19,vbl_feature_20,vbl_feature_21,vbl_feature_22,vbl_feature_23,vbl_feature_24,vbl_feature_25,vbl_feature_26
2026-01-01T00:00:00.0000000Z,0.000000,0.010000,0.020000,0.030000,0.040000,0.050000,0.060000,0.070000,0.080000,0.090000,0.100000,0.110000,0.120000,0.130000,0.140000,0.150000,0.160000,0.170000,0.180000,0.190000,0.200000,0.210000,0.220000,0.230000,0.240000,0.250000,0.260000
2026-01-01T00:00:01.0000000Z,0.000000,0.010000,0.020000,0.030000,0.040000,0.050000,0.060000,0.070000,0.080000,0.090000,0.100000,0.110000,0.120000,0.130000,0.140000,0.150000,0.160000,0.170000,0.180000,0.190000,0.200000,0.210000,0.220000,0.230000,0.240000,0.250000,0.260000
2026-01-01T00:00:02.0000000Z,0.000000,0.010000,0.020000,0.030000,0.040000,0.050000,0.060000,0.070000,0.080000,0.090000,0.100000,0.110000,0.120000,0.130000,0.140000,0.150000,0.160000,0.170000,0.180000,0.190000,0.200000,0.210000,0.220000,0.230000,0.240000,0.250000,0.260000
2026-01-01T00:00:03.0000000Z,0.000000,0.010000,0.020000,0.030000,0.040000,0.050000,0.060000,0.070000,0.080000,0.090000,0.100000,0.110000,0.120000,0.130000,0.140000,0.150000,0.160000,0.170000,0.180000,0.190000,0.200000,0.210000,0.220000,0.230000,0.240000,0.250000,0.260000
2026-01-01T00:00:04.0000000Z,0.000000,0.010000,0.020000,0.030000,0.040000,0.050000,0.060000,0.070000,0.080000,0.090000,0.100000,0.110000,0.120000,0.130000,0.140000,0.150000,0.160000,0.170000,0.180000,0.190000,0.200000,0.210000,0.220000,0.230000,0.240000,0.250000,0.260000
2026-01-01T00:00:05.0000000Z,0.000000,0.010000,0.020000,0.030000,0.040000,0.050000,0.060000,0.070000,0.080000,0.090000,0.100000,0.110000,0.120000,0.130000,0.140000,0.150000,0.160000,0.170000,0.180000,0.190000,0.200000,0.210000,0.220000,0.230000,0.240000,0.250000,0.260000
2026-01-01T00:00:06.0000000Z,0.000000,0.010000,0.020000,0.030000,0.040000,0.050000,0.060000,0.070000,0.080000,0.090000,0.100000,0.110000,0.120000,0.130000,0.140000,0.150000,0.160000,0.170000,0.180000,0.190000,0.200000,0.210000,0.220000,0.230000,0.240000,0.250000,0.260000
2026-01-01T00:00:07.0000000Z,0.000000,0.010000,0.020000,0.030000,0.040000,0.050000,0.060000,0.070000,0.080000,0.090000,0.100000,0.110000,0.120000,0.130000,0.140000,0.150000,0.160000,0.170000,0.180000,0.190000,0.200000,0.210000,0.220000,0.230000,0.240000,0.250000,0.260000
2026-01-01T00:00:08.0000000Z,0.000000,0.010000,0.020000,0.030000,0.040000,0.050000,0.060000,0.070000,0.080000,0.090000,0.100000,0.110000,0.120000,0.130000,0.140000,0.150000,0.160000,0.170000,0.180000,0.190000,0.200000,0.210000,0.220000,0.230000,0.240000,0.250000,0.260000
2026-01-01T00:00:09.0000000Z,0.000000,0.010000,0.020000,0.030000,0.040000,0.050000,0.060000,0.070000,0.080000,0.090000,0.100000,0.110000,0.120000,0.130000,0.140000,0.150000,0.160000,0.170000,0.180000,0.190000,0.200000,0.210000,0.220000,0.230000,0.240000,0.250000,0.260000
2026-01-01T00:00:10.0000000Z,0.000000,0.010000,0.020000,0.030000,0.040000,0.050000,0.060000,0.070000,0.080000,0.090000,0.100000,0.110000,0.120000,0.130000,0.140000,0.150000,0.160000,0.170000,0.180000,0.190000,0.200000,0.210000,0.220000,0.230000,0.240000,0.250000,0.260000
2026-01-01T00:00:11.0000000Z,0.000000,0.010000,0.020000,0.030000,0.040000,0.050000,0.060000,0.070000,0.080000,0.090000,0.100000,0.110000,0.120000,0.130000,0.140000,0.150000,0.160000,0.170000,0.180000,0.190000,0.200000,0.210000,0.220000,0.230000,0.240000,0.250000,0.260000
2026-01-01T00:00:12.0000000Z,0.000000,0.010000,0.020000,0.030000,0.040000,0.050000,0.060000,0.070000,0.080000,0.090000,0.100000,0.110000,0.120000,0.130000,0.140000,0.150000,0.160000,0.170000,0.180000,0.190000,0.200000,0.210000,0.220000,0.230000,0.240000,0.250000,0.260000
2026-01-01T00:00:13.0000000Z,0.000000,0.010000,0.020000,0.030000,0.040000,0.050000,0.060000,0.070000,0.080000,0.090000,0.100000,0.110000,0.120000,0.130000,0.140000,0.150000,0.160000,0.170000,0.180000,0.190000,0.200000,0.210000,0.220000,0.230000,0.240000,0.250000,0.260000
2026-01-01T00:00:14.0000000Z,0.000000,0.010000,0.020000,0.030000,0.040000,0.050000,0.060000,0.070000,0.080000,0.090000,0.100000,0.110000,0.120000,0.130000,0.140000,0.150000,0.160000,0.170000,0.180000,0.190000,0.200000,0.210000,0.220000,0.230000,0.240000,0.250000,0.260000
2026-01-01T00:00:15.0000000Z,0.000000,0.010000,0.020000,0.030000,0.040000,0.050000,0.060000,0.070000,0.080000,0.090000,0.100000,0.110000,0.120000,0.130000,0.140000,0.150000,0.160000,0.170000,0.180000,0.190000,0.200000,0.210000,0.220000,0.230000,0.240000,0.250000,0.260000
2026-01-01T00:00:16.0000000Z,0.000000,0.010000,0.020000,0.030000,0.040000,0.050000,0.060000,0.070000,0.080000,0.090000,0.100000,0.110000,0.120000,0.130000,0.140000,0.150000,0.160000,0.170000,0.180000,0.190000,0.200000,0.210000,0.220000,0.230000,0.240000,0.250000,0.260000
2026-01-01T00:00:17.0000000Z,0.000000,0.010000,0.020000,0.030000,0.040000,0.050000,0.060000,0.070000,0.080000,0.090000,0.100000,0.110000,0.120000,0.130000,0.140000,0.150000,0.160000,0.170000,0.180000,0.190000,0.200000,0.210000,0.220000,0.230000,0.240000,0.250000,0.260000
2026-01-01T00:00:18.0000000Z,0.000000,0.010000,0.020000,0.030000,0.040000,0.050000,0.060000,0.070000,0.080000,0.090000,0.100000,0.110000,0.120000,0.130000,0.140000,0.150000,0.160000,0.170000,0.180000,0.190000,0.200000,0.210000,0.220000,0.230000,0.240000,0.250000,0.260000
2026-01-01T00:00:19.0000000Z,0.000000,0.010000,0.020000,0.030000,0.040000,0.050000,0.060000,0.070000,0.080000,0.090000,0.100000,0.110000,0.120000,0.130000,0.140000,0.150000,0.160000,0.170000,0.180000,0.190000,0.200000,0.210000,0.220000,0.230000,0.240000,0.250000,0.260000
2026-01-01T00:00:20.0000000Z,0.000000,0.010000,0.020000,0.030000,0.040000,0.050000,0.060000,0.070000,0.080000,0.090000,0.100000,0.110000,0.120000,0.130000,0.140000,0.150000,0.160000,0.170000,0.180000,0.190000,0.200000,0.210000,0.220000,0.230000,0.240000,0.250000,0.260000
2026-01-01T00:00:21.0000000Z,0.000000,0.010000,0.020000,0.030000,0.040000,0.050000,0.060000,0.070000,0.080000,0.090000,0.100000,0.110000,0.120000,0.130000,0.140000,0.150000,0.160000,0.170000,0.180000,0.190000,0.200000,0.210000,0.220000,0.230000,0.240000,0.250000,0.260000
2026-01-01T00:00:22.0000000Z,0.000000,0.010000,0.020000,0.030000,0.040000,0.050000,0.060000,0.070000,0.080000,0.090000,0.100000,0.110000,0.120000,0.130000,0.140000,0.150000,0.160000,0.170000,0.180000,0.190000,0.200000,0.210000,0.220000,0.230000,0.240000,0.250000,0.260000
2026-01-01T00:00:23.0000000Z,0.000000,0.010000,0.020000,0.030000,0.040000,0.050000,0.060000,0.070000,0.080000,0.090000,0.100000,0.110000,0.120000,0.130000,0.140000,0.150000,0.160000,0.170000,0.180000,0.190000,0.200000,0.210000,0.220000,0.230000,0.240000,0.250000,0.260000
2026-01-01T00:00:24.0000000Z,0.000000,0.010000,0.020000,0.030000,0.040000,0.050000,0.060000,0.070000,0.080000,0.090000,0.100000,0.110000,0.120000,0.130000,0.140000,0.150000,0.160000,0.170000,0.180000,0.190000,0.200000,0.210000,0.220000,0.230000,0.240000,0.250000,0.260000
2026-01-01T00:00:25.0000000Z,0.000000,0.010000,0.020000,0.030000,0.040000,0.050000,0.060000,0.070000,0.080000,0.090000,0.100000,0.110000,0.120000,0.130000,0.140000,0.150000,0.160000,0.170000,0.180000,0.190000,0.200000,0.210000,0.220000,0.230000,0.240000,0.250000,0.260000
2026-01-01T00:00:26.0000000Z,0.000000,0.010000,0.020000,0.030000,0.040000,0.050000,0.060000,0.070000,0.080000,0.090000,0.100000,0.110000,0.120000,0.130000,0.140000,0.150000,0.160000,0.170000,0.180000,0.190000,0.200000,0.210000,0.220000,0.230000,0.240000,0.250000,0.260000
2026-01-01T00:00:27.0000000Z,0.000000,0.010000,0.020000,0.030000,0.040000,0.050000,0.060000,0.070000,0.080000,0.090000,0.100000,0.110000,0.120000,0.130000,0.140000,0.150000,0.160000,0.170000,0.180000,0.190000,0.200000,0.210000,0.220000,0.230000,0.240000,0.250000,0.260000
2026-01-01T00:00:28.0000000Z,0.000000,0.010000,0.020000,0.030000,0.040000,0.050000,0.060000,0.070000,0.080000,0.090000,0.100000,0.110000,0.120000,0.130000,0.140000,0.150000,0.160000,0.170000,0.180000,0.190000,0.200000,0.210000,0.220000,0.230000,0.240000,0.250000,0.260000
2026-01-01T00:00:29.0000000Z,0.000000,0.010000,0.020000,0.030000,0.040000,0.050000,0.060000,0.070000,0.080000,0.090000,0.100000,0.110000,0.120000,0.130000,0.140000,0.150000,0.160000,0.170000,0.180000,0.190000,0.200000,0.210000,0.220000,0.230000,0.240000,0.250000,0.260000
2026-01-01T00:00:30.0000000Z,0.000000,0.010000,0.020000,0.030000,0.040000,0.050000,0.060000,0.070000,0.080000,0.090000,0.100000,0.110000,0.120000,0.130000,0.140000,0.150000,0.160000,0.170000,0.180000,0.190000,0.200000,0.210000,0.220000,0.230000,0.240000,0.250000,0.260000
2026-01-01T00:00:31.0000000Z,0.000000,0.010000,0.020000,0.030000,0.040000,0.050000,0.060000,0.070000,0.080000,0.090000,0.100000,0.110000,0.120000,0.130000,0.140000,0.150000,0.160000,0.170000,0.180000,0.190000,0.200000,0.210000,0.220000,0.230000,0.240000,0.250000,0.260000
2026-01-01T00:00:32.0000000Z,0.000000,0.010000,0.020000,0.030000,0.040000,0.050000,0.060000,0.070000,0.080000,0.090000,0.100000,0.110000,0.120000,0.130000,0.140000,0.150000,0.160000,0.170000,0.180000,0.190000,0.200000,0.210000,0.220000,0.230000,0.240000,0.250000,0.260000
2026-01-01T00:00:33.0000000Z,0.000000,0.010000,0.020000,0.030000,0.040000,0.050000,0.060000,0.070000,0.080000,0.090000,0.100000,0.110000,0.120000,0.130000,0.140000,0.150000,0.160000,0.170000,0.180000,0.190000,0.200000,0.210000,0.220000,0.230000,0.240000,0.250000,0.260000
2026-01-01T00:00:34.0000000Z,0.000000,0.010000,0.020000,0.030000,0.040000,0.050000,0.060000,0.070000,0.080000,0.090000,0.100000,0.110000,0.120000,0.130000,0.140000,0.150000,0.160000,0.170000,0.180000,0.190000,0.200000,0.210000,0.220000,0.230000,0.240000,0.250000,0.260000
2026-01-01T00:00:35.0000000Z,0.000000,0.010000,0.020000,0.030000,0.040000,0.050000,0.060000,0.070000,0.080000,0.090000,0.100000,0.110000,0.120000,0.130000,0.140000,0.150000,0.160000,0.170000,0.180000,0.190000,0.200000,0.210000,0.220000,0.230000,0.240000,0.250000,0.260000
2026-01-01T00:00:36.0000000Z,0.000000,0.010000,0.020000,0.030000,0.040000,0.050000,0.060000,0.070000,0.080000,0.090000,0.100000,0.110000,0.120000,0.130000,0.140000,0.150000,0.160000,0.170000,0.180000,0.190000,0.200000,0.210000,0.220000,0.230000,0.240000,0.250000,0.260000
2026-01-01T00:00:37.0000000Z,0.000000,0.010000,0.020000,0.030000,0.040000,0.050000,0.060000,0.070000,0.080000,0.090000,0.100000,0.110000,0.120000,0.130000,0.140000,0.150000,0.160000,0.170000,0.180000,0.190000,0.200000,0.210000,0.220000,0.230000,0.240000,0.250000,0.260000
2026-01-01T00:00:38.0000000Z,0.000000,0.010000,0.020000,0.030000,0.040000,0.050000,0.060000,0.070000,0.080000,0.090000,0.100000,0.110000,0.120000,0.130000,0.140000,0.150000,0.160000,0.170000,0.180000,0.190000,0.200000,0.210000,0.220000,0.230000,0.240000,0.250000,0.260000
2026-01-01T00:00:39.0000000Z,0.000000,0.010000,0.020000,0.030000,0.040000,0.050000,0.060000,0.070000,0.080000,0.090000,0.100000,0.110000,0.120000,0.130000,0.140000,0.150000,0.160000,0.170000,0.180000,0.190000,0.200000,0.210000,0.220000,0.230000,0.240000,0.250000,0.260000
2026-01-01T00:00:40.0000000Z,0.000000,0.010000,0.020000,0.030000,0.040000,0.050000,0.060000,0.070000,0.080000,0.090000,0.100000,0.110000,0.120000,0.130000,0.140000,0.150000,0.160000,0.170000,0.180000,0.190000,0.200000,0.210000,0.220000,0.230000,0.240000,0.250000,0.260000
2026-01-01T00:00:41.0000000Z,0.000000,0.010000,0.020000,0.030000,0.040000,0.050000,0.060000,0.070000,0.080000,0.090000,0.100000,0.110000,0.120000,0.130000,0.140000,0.150000,0.160000,0.170000,0.180000,0.190000,0.200000,0.210000,0.220000,0.230000,0.240000,0.250000,0.260000
2026-01-01T00:00:42.0000000Z,0.000000,0.010000,0.020000,0.030000,0.040000,0.050000,0.060000,0.070000,0.080000,0.090000,0.100000,0.110000,0.120000,0.130000,0.140000,0.150000,0.160000,0.170000,0.180000,0.190000,0.200000,0.210000,0.220000,0.230000,0.240000,0.250000,0.260000
2026-01-01T00:00:43.0000000Z,0.000000,0.010000,0.020000,0.030000,0.040000,0.050000,0.060000,0.070000,0.080000,0.090000,0.100000,0.110000,0.120000,0.130000,0.140000,0.150000,0.160000,0.170000,0.180000,0.190000,0.200000,0.210000,0.220000,0.230000,0.240000,0.250000,0.260000
2026-01-01T00:00:44.0000000Z,0.000000,0.010000,0.020000,0.030000,0.040000,0.050000,0.060000,0.070000,0.080000,0.090000,0.100000,0.110000,0.120000,0.130000,0.140000,0.150000,0.160000,0.170000,0.180000,0.190000,0.200000,0.210000,0.220000,0.230000,0.240000,0.250000,0.260000
2026-01-01T00:00:45.0000000Z,0.000000,0.010000,0.020000,0.030000,0.040000,0.050000,0.060000,0.070000,0.080000,0.090000,0.100000,0.110000,0.120000,0.130000,0.140000,0.150000,0.160000,0.170000,0.180000,0.190000,0.200000,0.210000,0.220000,0.230000,0.240000,0.250000,0.260000
2026-01-01T00:00:46.0000000Z,0.000000,0.010000,0.020000,0.030000,0.040000,0.050000,0.060000,0.070000,0.080000,0.090000,0.100000,0.110000,0.120000,0.130000,0.140000,0.150000,0.160000,0.170000,0.180000,0.190000,0.200000,0.210000,0.220000,0.230000,0.240000,0.250000,0.260000
2026-01-01T00:00:47.0000000Z,0.000000,0.010000,0.020000,0.030000,0.040000,0.050000,0.060000,0.070000,0.080000,0.090000,0.100000,0.110000,0.120000,0.130000,0.140000,0.150000,0.160000,0.170000,0.180000,0.190000,0.200000,0.210000,0.220000,0.230000,0.240000,0.250000,0.260000
2026-01-01T00:00:48.0000000Z,0.000000,0.010000,0.020000,0.030000,0.040000,0.050000,0.060000,0.070000,0.080000,0.090000,0.100000,0.110000,0.120000,0.130000,0.140000,0.150000,0.160000,0.170000,0.180000,0.190000,0.200000,0.210000,0.220000,0.230000,0.240000,0.250000,0.260000
2026-01-01T00:00:49.0000000Z,0.000000,0.010000,0.020000,0.030000,0.040000,0.050000,0.060000,0.070000,0.080000,0.090000,0.100000,0.110000,0.120000,0.130000,0.140000,0.150000,0.160000,0.170000,0.180000,0.190000,0.200000,0.210000,0.220000,0.230000,0.240000,0.250000,0.260000
2026-01-01T00:00:50.0000000Z,0.000000,0.010000,0.020000,0.030000,0.040000,0.050000,0.060000,0.070000,0.080000,0.090000,0.100000,0.110000,0.120000,0.130000,0.140000,0.150000,0.160000,0.170000,0.180000,0.190000,0.200000,0.210000,0.220000,0.230000,0.240000,0.250000,0.260000
2026-01-01T00:00:51.0000000Z,0.000000,0.010000,0.020000,0.030000,0.040000,0.050000,0.060000,0.070000,0.080000,0.090000,0.100000,0.110000,0.120000,0.130000,0.140000,0.150000,0.160000,0.170000,0.180000,0.190000,0.200000,0.210000,0.220000,0.230000,0.240000,0.250000,0.260000
2026-01-01T00:00:52.0000000Z,0.000000,0.010000,0.020000,0.030000,0.040000,0.050000,0.060000,0.070000,0.080000,0.090000,0.100000,0.110000,0.120000,0.130000,0.140000,0.150000,0.160000,0.170000,0.180000,0.190000,0.200000,0.210000,0.220000,0.230000,0.240000,0.250000,0.260000
2026-01-01T00:00:53.0000000Z,0.000000,0.010000,0.020000,0.030000,0.040000,0.050000,0.060000,0.070000,0.080000,0.090000,0.100000,0.110000,0.120000,0.130000,0.140000,0.150000,0.160000,0.170000,0.180000,0.190000,0.200000,0.210000,0.220000,0.230000,0.240000,0.250000,0.260000
2026-01-01T00:00:54.0000000Z,0.000000,0.010000,0.020000,0.030000,0.040000,0.050000,0.060000,0.070000,0.080000,0.090000,0.100000,0.110000,0.120000,0.130000,0.140000,0.150000,0.160000,0.170000,0.180000,0.190000,0.200000,0.210000,0.220000,0.230000,0.240000,0.250000,0.260000
2026-01-01T00:00:55.0000000Z,0.000000,0.010000,0.020000,0.030000,0.040000,0.050000,0.060000,0.070000,0.080000,0.090000,0.100000,0.110000,0.120000,0.130000,0.140000,0.150000,0.160000,0.170000,0.180000,0.190000,0.200000,0.210000,0.220000,0.230000,0.240000,0.250000,0.260000
2026-01-01T00:00:56.0000000Z,0.000000,0.010000,0.020000,0.030000,0.040000,0.050000,0.060000,0.070000,0.080000,0.090000,0.100000,0.110000,0.120000,0.130000,0.140000,0.150000,0.160000,0.170000,0.180000,0.190000,0.200000,0.210000,0.220000,0.230000,0.240000,0.250000,0.260000
2026-01-01T00:00:57.0000000Z,0.000000,0.010000,0.020000,0.030000,0.040000,0.050000,0.060000,0.070000,0.080000,0.090000,0.100000,0.110000,0.120000,0.130000,0.140000,0.150000,0.160000,0.170000,0.180000,0.190000,0.200000,0.210000,0.220000,0.230000,0.240000,0.250000,0.260000
2026-01-01T00:00:58.0000000Z,0.000000,0.010000,0.020000,0.030000,0.040000,0.050000,0.060000,0.070000,0.080000,0.090000,0.100000,0.110000,0.120000,0.130000,0.140000,0.150000,0.160000,0.170000,0.180000,0.190000,0.200000,0.210000,0.220000,0.230000,0.240000,0.250000,0.260000
2026-01-01T00:00:59.0000000Z,0.000000,0.010000,0.020000,0.030000,0.040000,0.050000,0.060000,0.070000,0.080000,0.090000,0.100000,0.110000,0.120000,0.130000,0.140000,0.150000,0.160000,0.170000,0.180000,0.190000,0.200000,0.210000,0.220000,0.230000,0.240000,0.250000,0.260000
2026-01-01T00:01:00.0000000Z,0.000000,0.010000,0.020000,0.030000,0.040000,0.050000,0.060000,0.070000,0.080000,0.090000,0.100000,0.110000,0.120000,0.130000,0.140000,0.150000,0.160000,0.170000,0.180000,0.190000,0.200000,0.210000,0.220000,0.230000,0.240000,0.250000,0.260000
2026-01-01T00:01:01.0000000Z,0.000000,0.010000,0.020000,0.030000,0.040000,0.050000,0.060000,0.070000,0.080000,0.090000,0.100000,0.110000,0.120000,0.130000,0.140000,0.150000,0.160000,0.170000,0.180000,0.190000,0.200000,0.210000,0.220000,0.230000,0.240000,0.250000,0.260000
2026-01-01T00:01:02.0000000Z,0.000000,0.010000,0.020000,0.030000,0.040000,0.050000,0.060000,0.070000,0.080000,0.090000,0.100000,0.110000,0.120000,0.130000,0.140000,0.150000,0.160000,0.170000,0.180000,0.190000,0.200000,0.210000,0.220000,0.230000,0.240000,0.250000,0.260000
2026-01-01T00:01:03.0000000Z,0.000000,0.010000,0.020000,0.030000,0.040000,0.050000,0.060000,0.070000,0.080000,0.090000,0.100000,0.110000,0.120000,0.130000,0.140000,0.150000,0.160000,0.170000,0.180000,0.190000,0.200000,0.210000,0.220000,0.230000,0.240000,0.250000,0.260000
2026-01-01T00:01:04.0000000Z,0.000000,0.010000,0.020000,0.030000,0.040000,0.050000,0.060000,0.070000,0.080000,0.090000,0.100000,0.110000,0.120000,0.130000,0.140000,0.150000,0.160000,0.170000,0.180000,0.190000,0.200000,0.210000,0.220000,0.230000,0.240000,0.250000,0.260000
2026-01-01T00:01:05.0000000Z,0.000000,0.010000,0.020000,0.030000,0.040000,0.050000,0.060000,0.070000,0.080000,0.090000,0.100000,0.110000,0.120000,0.130000,0.140000,0.150000,0.160000,0.170000,0.180000,0.190000,0.200000,0.210000,0.220000,0.230000,0.240000,0.250000,0.260000
2026-01-01T00:01:06.0000000Z,0.000000,0.010000,0.020000,0.030000,0.040000,0.050000,0.060000,0.070000,0.080000,0.090000,0.100000,0.110000,0.120000,0.130000,0.140000,0.150000,0.160000,0.170000,0.180000,0.190000,0.200000,0.210000,0.220000,0.230000,0.240000,0.250000,0.260000
2026-01-01T00:01:07.0000000Z,0.000000,0.010000,0.020000,0.030000,0.040000,0.050000,0.060000,0.070000,0.080000,0.090000,0.100000,0.110000,0.120000,0.130000,0.140000,0.150000,0.160000,0.170000,0.180000,0.190000,0.200000,0.210000,0.220000,0.230000,0.240000,0.250000,0.260000
2026-01-01T00:01:08.0000000Z,0.000000,0.010000,0.020000,0.030000,0.040000,0.050000,0.060000,0.070000,0.080000,0.090000,0.100000,0.110000,0.120000,0.130000,0.140000,0.150000,0.160000,0.170000,0.180000,0.190000,0.200000,0.210000,0.220000,0.230000,0.240000,0.250000,0.260000
2026-01-01T00:01:09.0000000Z,0.000000,0.010000,0.020000,0.030000,0.040000,0.050000,0.060000,0.070000,0.080000,0.090000,0.100000,0.110000,0.120000,0.130000,0.140000,0.150000,0.160000,0.170000,0.180000,0.190000,0.200000,0.210000,0.220000,0.230000,0.240000,0.250000,0.260000
2026-01-01T00:01:10.0000000Z,0.000000,0.010000,0.020000,0.030000,0.040000,0.050000,0.060000,0.070000,0.080000,0.090000,0.100000,0.110000,0.120000,0.130000,0.140000,0.150000,0.160000,0.170000,0.180000,0.190000,0.200000,0.210000,0.220000,0.230000,0.240000,0.250000,0.260000
2026-01-01T00:01:11.0000000Z,0.000000,0.010000,0.020000,0.030000,0.040000,0.050000,0.060000,0.070000,0.080000,0.090000,0.100000,0.110000,0.120000,0.130000,0.140000,0.150000,0.160000,0.170000,0.180000,0.190000,0.200000,0.210000,0.220000,0.230000,0.240000,0.250000,0.260000
2026-01-01T00:01:12.0000000Z,0.000000,0.010000,0.020000,0.030000,0.040000,0.050000,0.060000,0.070000,0.080000,0.090000,0.100000,0.110000,0.120000,0.130000,0.140000,0.150000,0.160000,0.170000,0.180000,0.190000,0.200000,0.210000,0.220000,0.230000,0.240000,0.250000,0.260000
2026-01-01T00:01:13.0000000Z,0.000000,0.010000,0.020000,0.030000,0.040000,0.050000,0.060000,0.070000,0.080000,0.090000,0.100000,0.110000,0.120000,0.130000,0.140000,0.150000,0.160000,0.170000,0.180000,0.190000,0.200000,0.210000,0.220000,0.230000,0.240000,0.250000,0.260000
2026-01-01T00:01:14.0000000Z,0.000000,0.010000,0.020000,0.030000,0.040000,0.050000,0.060000,0.070000,0.080000,0.090000,0.100000,0.110000,0.120000,0.130000,0.140000,0.150000,0.160000,0.170000,0.180000,0.190000,0.200000,0.210000,0.220000,0.230000,0.240000,0.250000,0.260000
2026-01-01T00:01:15.0000000Z,0.000000,0.010000,0.020000,0.030000,0.040000,0.050000,0.060000,0.070000,0.080000,0.090000,0.100000,0.110000,0.120000,0.130000,0.140000,0.150000,0.160000,0.170000,0.180000,0.190000,0.200000,0.210000,0.220000,0.230000,0.240000,0.250000,0.260000
2026-01-01T00:01:16.0000000Z,0.000000,0.010000,0.020000,0.030000,0.040000,0.050000,0.060000,0.070000,0.080000,0.090000,0.100000,0.110000,0.120000,0.130000,0.140000,0.150000,0.160000,0.170000,0.180000,0.190000,0.200000,0.210000,0.220000,0.230000,0.240000,0.250000,0.260000
2026-01-01T00:01:17.0000000Z,0.000000,0.010000,0.020000,0.030000,0.040000,0.050000,0.060000,0.070000,0.080000,0.090000,0.100000,0.110000,0.120000,0.130000,0.140000,0.150000,0.160000,0.170000,0.180000,0.190000,0.200000,0.210000,0.220000,0.230000,0.240000,0.250000,0.260000
2026-01-01T00:01:18.0000000Z,0.000000,0.010000,0.020000,0.030000,0.040000,0.050000,0.060000,0.070000,0.080000,0.090000,0.100000,0.110000,0.120000,0.130000,0.140000,0.150000,0.160000,0.170000,0.180000,0.190000,0.200000,0.210000,0.220000,0.230000,0.240000,0.250000,0.260000
2026-01-01T00:01:19.0000000Z,0.000000,0.010000,0.020000,0.030000,0.040000,0.050000,0.060000,0.070000,0.080000,0.090000,0.100000,0.110000,0.120000,0.130000,0.140000,0.150000,0.160000,0.170000,0.180000,0.190000,0.200000,0.210000,0.220000,0.230000,0.240000,0.250000,0.260000
2026-01-01T00:01:20.0000000Z,0.000000,0.010000,0.020000,0.030000,0.040000,0.050000,0.060000,0.070000,0.080000,0.090000,0.100000,0.110000,0.120000,0.130000,0.140000,0.150000,0.160000,0.170000,0.180000,0.190000,0.200000,0.210000,0.220000,0.230000,0.240000,0.250000,0.260000
2026-01-01T00:01:21.0000000Z,0.000000,0.010000,0.020000,0.030000,0.040000,0.050000,0.060000,0.070000,0.080000,0.090000,0.100000,0.110000,0.120000,0.130000,0.140000,0.150000,0.160000,0.170000,0.180000,0.190000,0.200000,0.210000,0.220000,0.230000,0.240000,0.250000,0.260000
2026-01-01T00:01:22.0000000Z,0.000000,0.010000,0.020000,0.030000,0.040000,0.050000,0.060000,0.070000,0.080000,0.090000,0.100000,0.110000,0.120000,0.130000,0.140000,0.150000,0.160000,0.170000,0.180000,0.190000,0.200000,0.210000,0.220000,0.230000,0.240000,0.250000,0.260000
2026-01-01T00:01:23.0000000Z,0.000000,0.010000,0.020000,0.030000,0.040000,0.050000,0.060000,0.070000,0.080000,0.090000,0.100000,0.110000,0.120000,0.130000,0.140000,0.150000,0.160000,0.170000,0.180000,0.190000,0.200000,0.210000,0.220000,0.230000,0.240000,0.250000,0.260000
2026-01-01T00:01:24.0000000Z,0.000000,0.010000,0.020000,0.030000,0.040000,0.050000,0.060000,0.070000,0.080000,0.090000,0.100000,0.110000,0.120000,0.130000,0.140000,0.150000,0.160000,0.170000,0.180000,0.190000,0.200000,0.210000,0.220000,0.230000,0.240000,0.250000,0.260000
2026-01-01T00:01:25.0000000Z,0.000000,0.010000,0.020000,0.030000,0.040000,0.050000,0.060000,0.070000,0.080000,0.090000,0.100000,0.110000,0.120000,0.130000,0.140000,0.150000,0.160000,0.170000,0.180000,0.190000,0.200000,0.210000,0.220000,0.230000,0.240000,0.250000,0.260000
2026-01-01T00:01:26.0000000Z,0.000000,0.010000,0.020000,0.030000,0.040000,0.050000,0.060000,0.070000,0.080000,0.090000,0.100000,0.110000,0.120000,0.130000,0.140000,0.150000,0.160000,0.170000,0.180000,0.190000,0.200000,0.210000,0.220000,0.230000,0.240000,0.250000,0.260000
2026-01-01T00:01:27.0000000Z,0.000000,0.010000,0.020000,0.030000,0.040000,0.050000,0.060000,0.070000,0.080000,0.090000,0.100000,0.110000,0.120000,0.130000,0.140000,0.150000,0.160000,0.170000,0.180000,0.190000,0.200000,0.210000,0.220000,0.230000,0.240000,0.250000,0.260000
2026-01-01T00:01:28.0000000Z,0.000000,0.010000,0.020000,0.030000,0.040000,0.050000,0.060000,0.070000,0.080000,0.090000,0.100000,0.110000,0.120000,0.130000,0.140000,0.150000,0.160000,0.170000,0.180000,0.190000,0.200000,0.210000,0.220000,0.230000,0.240000,0.250000,0.260000
2026-01-01T00:01:29.0000000Z,0.000000,0.010000,0.020000,0.030000,0.040000,0.050000,0.060000,0.070000,0.080000,0.090000,0.100000,0.110000,0.120000,0.130000,0.140000,0.150000,0.160000,0.170000,0.180000,0.190000,0.200000,0.210000,0.220000,0.230000,0.240000,0.250000,0.260000
2026-01-01T00:01:30.0000000Z,0.000000,0.010000,0.020000,0.030000,0.040000,0.050000,0.060000,0.070000,0.080000,0.090000,0.100000,0.110000,0.120000,0.130000,0.140000,0.150000,0.160000,0.170000,0.180000,0.190000,0.200000,0.210000,0.220000,0.230000,0.240000,0.250000,0.260000
2026-01-01T00:01:31.0000000Z,0.000000,0.010000,0.020000,0.030000,0.040000,0.050000,0.060000,0.070000,0.080000,0.090000,0.100000,0.110000,0.120000,0.130000,0.140000,0.150000,0.160000,0.170000,0.180000,0.190000,0.200000,0.210000,0.220000,0.230000,0.240000,0.250000,0.260000
2026-01-01T00:01:32.0000000Z,0.000000,0.010000,0.020000,0.030000,0.040000,0.050000,0.060000,0.070000,0.080000,0.090000,0.100000,0.110000,0.120000,0.130000,0.140000,0.150000,0.160000,0.170000,0.180000,0.190000,0.200000,0.210000,0.220000,0.230000,0.240000,0.250000,0.260000
2026-01-01T00:01:33.0000000Z,0.000000,0.010000,0.020000,0.030000,0.040000,0.050000,0.060000,0.070000,0.080000,0.090000,0.100000,0.110000,0.120000,0.130000,0.140000,0.150000,0.160000,0.170000,0.180000,0.190000,0.200000,0.210000,0.220000,0.230000,0.240000,0.250000,0.260000
2026-01-01T00:01:34.0000000Z,0.000000,0.010000,0.020000,0.030000,0.040000,0.050000,0.060000,0.070000,0.080000,0.090000,0.100000,0.110000,0.120000,0.130000,0.140000,0.150000,0.160000,0.170000,0.180000,0.190000,0.200000,0.210000,0.220000,0.230000,0.240000,0.250000,0.260000
2026-01-01T00:01:35.0000000Z,0.000000,0.010000,0.020000,0.030000,0.040000,0.050000,0.060000,0.070000,0.080000,0.090000,0.100000,0.110000,0.120000,0.130000,0.140000,0.150000,0.160000,0.170000,0.180000,0.190000,0.200000,0.210000,0.220000,0.230000,0.240000,0.250000,0.260000
2026-01-01T00:01:36.0000000Z,0.000000,0.010000,0.020000,0.030000,0.040000,0.050000,0.060000,0.070000,0.080000,0.090000,0.100000,0.110000,0.120000,0.130000,0.140000,0.150000,0.160000,0.170000,0.180000,0.190000,0.200000,0.210000,0.220000,0.230000,0.240000,0.250000,0.260000
2026-01-01T00:01:37.0000000Z,0.000000,0.010000,0.020000,0.030000,0.040000,0.050000,0.060000,0.070000,0.080000,0.090000,0.100000,0.110000,0.120000,0.130000,0.140000,0.150000,0.160000,0.170000,0.180000,0.190000,0.200000,0.210000,0.220000,0.230000,0.240000,0.250000,0.260000
2026-01-01T00:01:38.0000000Z,0.000000,0.010000,0.020000,0.030000,0.040000,0.050000,0.060000,0.070000,0.080000,0.090000,0.100000,0.110000,0.120000,0.130000,0.140000,0.150000,0.160000,0.170000,0.180000,0.190000,0.200000,0.210000,0.220000,0.230000,0.240000,0.250000,0.260000
2026-01-01T00:01:39.0000000Z,0.000000,0.010000,0.020000,0.030000,0.040000,0.050000,0.060000,0.070000,0.080000,0.090000,0.100000,0.110000,0.120000,0.130000,0.140000,0.150000,0.160000,0.170000,0.180000,0.190000,0.200000,0.210000,0.220000,0.230000,0.240000,0.250000,0.260000
2026-01-01T00:01:40.0000000Z,0.000000,0.010000,0.020000,0.030000,0.040000,0.050000,0.060000,0.070000,0.080000,0.090000,0.100000,0.110000,0.120000,0.130000,0.140000,0.150000,0.160000,0.170000,0.180000,0.190000,0.200000,0.210000,0.220000,0.230000,0.240000,0.250000,0.260000
2026-01-01T00:01:41.0000000Z,0.000000,0.010000,0.020000,0.030000,0.040000,0.050000,0.060000,0.070000,0.080000,0.090000,0.100000,0.110000,0.120000,0.130000,0.140000,0.150000,0.160000,0.170000,0.180000,0.190000,0.200000,0.210000,0.220000,0.230000,0.240000,0.250000,0.260000
2026-01-01T00:01:42.0000000Z,0.000000,0.010000,0.020000,0.030000,0.040000,0.050000,0.060000,0.070000,0.080000,0.090000,0.100000,0.110000,0.120000,0.130000,0.140000,0.150000,0.160000,0.170000,0.180000,0.190000,0.200000,0.210000,0.220000,0.230000,0.240000,0.250000,0.260000
2026-01-01T00:01:43.0000000Z,0.000000,0.010000,0.020000,0.030000,0.040000,0.050000,0.060000,0.070000,0.080000,0.090000,0.100000,0.110000,0.120000,0.130000,0.140000,0.150000,0.160000,0.170000,0.180000,0.190000,0.200000,0.210000,0.220000,0.230000,0.240000,0.250000,0.260000
2026-01-01T00:01:44.0000000Z,0.000000,0.010000,0.020000,0.030000,0.040000,0.050000,0.060000,0.070000,0.080000,0.090000,0.100000,0.110000,0.120000,0.130000,0.140000,0.150000,0.160000,0.170000,0.180000,0.190000,0.200000,0.210000,0.220000,0.230000,0.240000,0.250000,0.260000
2026-01-01T00:01:45.0000000Z,0.000000,0.010000,0.020000,0.030000,0.040000,0.050000,0.060000,0.070000,0.080000,0.090000,0.100000,0.110000,0.120000,0.130000,0.140000,0.150000,0.160000,0.170000,0.180000,0.190000,0.200000,0.210000,0.220000,0.230000,0.240000,0.250000,0.260000
2026-01-01T00:01:46.0000000Z,0.000000,0.010000,0.020000,0.030000,0.040000,0.050000,0.060000,0.070000,0.080000,0.090000,0.100000,0.110000,0.120000,0.130000,0.140000,0.150000,0.160000,0.170000,0.180000,0.190000,0.200000,0.210000,0.220000,0.230000,0.240000,0.250000,0.260000
2026-01-01T00:01:47.0000000Z,0.000000,0.010000,0.020000,0.030000,0.040000,0.050000,0.060000,0.070000,0.080000,0.090000,0.100000,0.110000,0.120000,0.130000,0.140000,0.150000,0.160000,0.170000,0.180000,0.190000,0.200000,0.210000,0.220000,0.230000,0.240000,0.250000,0.260000
2026-01-01T00:01:48.0000000Z,0.000000,0.010000,0.020000,0.030000,0.040000,0.050000,0.060000,0.070000,0.080000,0.090000,0.100000,0.110000,0.120000,0.130000,0.140000,0.150000,0.160000,0.170000,0.180000,0.190000,0.200000,0.210000,0.220000,0.230000,0.240000,0.250000,0.260000
2026-01-01T00:01:49.0000000Z,0.000000,0.010000,0.020000,0.030000,0.040000,0.050000,0.060000,0.070000,0.080000,0.090000,0.100000,0.110000,0.120000,0.130000,0.140000,0.150000,0.160000,0.170000,0.180000,0.190000,0.200000,0.210000,0.220000,0.230000,0.240000,0.250000,0.260000
2026-01-01T00:01:50.0000000Z,0.000000,0.010000,0.020000,0.030000,0.040000,0.050000,0.060000,0.070000,0.080000,0.090000,0.100000,0.110000,0.120000,0.130000,0.140000,0.150000,0.160000,0.170000,0.180000,0.190000,0.200000,0.210000,0.220000,0.230000,0.240000,0.250000,0.260000
2026-01-01T00:01:51.0000000Z,0.000000,0.010000,0.020000,0.030000,0.040000,0.050000,0.060000,0.070000,0.080000,0.090000,0.100000,0.110000,0.120000,0.130000,0.140000,0.150000,0.160000,0.170000,0.180000,0.190000,0.200000,0.210000,0.220000,0.230000,0.240000,0.250000,0.260000
2026-01-01T00:01:52.0000000Z,0.000000,0.010000,0.020000,0.030000,0.040000,0.050000,0.060000,0.070000,0.080000,0.090000,0.100000,0.110000,0.120000,0.130000,0.140000,0.150000,0.160000,0.170000,0.180000,0.190000,0.200000,0.210000,0.220000,0.230000,0.240000,0.250000,0.260000
2026-01-01T00:01:53.0000000Z,0.000000,0.010000,0.020000,0.030000,0.040000,0.050000,0.060000,0.070000,0.080000,0.090000,0.100000,0.110000,0.120000,0.130000,0.140000,0.150000,0.160000,0.170000,0.180000,0.190000,0.200000,0.210000,0.220000,0.230000,0.240000,0.250000,0.260000
2026-01-01T00:01:54.0000000Z,0.000000,0.010000,0.020000,0.030000,0.040000,0.050000,0.060000,0.070000,0.080000,0.090000,0.100000,0.110000,0.120000,0.130000,0.140000,0.150000,0.160000,0.170000,0.180000,0.190000,0.200000,0.210000,0.220000,0.230000,0.240000,0.250000,0.260000
2026-01-01T00:01:55.0000000Z,0.000000,0.010000,0.020000,0.030000,0.040000,0.050000,0.060000,0.070000,0.080000,0.090000,0.100000,0.110000,0.120000,0.130000,0.140000,0.150000,0.160000,0.170000,0.180000,0.190000,0.200000,0.210000,0.220000,0.230000,0.240000,0.250000,0.260000
2026-01-01T00:01:56.0000000Z,0.000000,0.010000,0.020000,0.030000,0.040000,0.050000,0.060000,0.070000,0.080000,0.090000,0.100000,0.110000,0.120000,0.130000,0.140000,0.150000,0.160000,0.170000,0.180000,0.190000,0.200000,0.210000,0.220000,0.230000,0.240000,0.250000,0.260000
2026-01-01T00:01:57.0000000Z,0.000000,0.010000,0.020000,0.030000,0.040000,0.050000,0.060000,0.070000,0.080000,0.090000,0.100000,0.110000,0.120000,0.130000,0.140000,0.150000,0.160000,0.170000,0.180000,0.190000,0.200000,0.210000,0.220000,0.230000,0.240000,0.250000,0.260000
2026-01-01T00:01:58.0000000Z,0.000000,0.010000,0.020000,0.030000,0.040000,0.050000,0.060000,0.070000,0.080000,0.090000,0.100000,0.110000,0.120000,0.130000,0.140000,0.150000,0.160000,0.170000,0.180000,0.190000,0.200000,0.210000,0.220000,0.230000,0.240000,0.250000,0.260000
2026-01-01T00:01:59.0000000Z,0.000000,0.010000,0.020000,0.030000,0.040000,0.050000,0.060000,0.070000,0.080000,0.090000,0.100000,0.110000,0.120000,0.130000,0.140000,0.150000,0.160000,0.170000,0.180000,0.190000,0.200000,0.210000,0.220000,0.230000,0.240000,0.250000,0.260000
